folder,param1,param2,csv_name,c,d,Best_P,Delta_at_BestP,Mu_at_BestP
0.8_-10_-35,-10,-35,CHEES_-35_6000.csv,-35,6000,2.970533961,2.831199658,1.25400873
0.8_-12_-35,-12,-35,CHEES_-35_6000.csv,-35,6000,2.970533961,2.831199658,1.25400873
0.8_-14_-35,-14,-35,CHEES_-35_6000.csv,-35,6000,2.970533961,2.831199658,1.25400873
0.8_-16_-35,-16,-35,CHEES_-35_6000.csv,-35,6000,2.970533961,2.831199658,1.25400873
0.8_-18_-35,-18,-35,CHEES_-35_6000.csv,-35,6000,2.970533961,2.831199658,1.25400873
0.8_-20_-35,-20,-35,CHEES_-35_6000.csv,-35,6000,2.970533961,2.831199658,1.25400873
0.8_-22_-35,-22,-35,CHEES_-35_6000.csv,-35,6000,2.970533961,2.831199658,1.25400873
0.8_-24_-35,-24,-35,CHEES_-35_6000.csv,-35,6000,2.970533961,2.831199658,1.25400873
0.8_-26_-35,-26,-35,CHEES_-35_6000.csv,-35,6000,2.970533961,2.831199658,1.25400873
0.8_-28_-35,-28,-35,CHEES_-35_6000.csv,-35,6000,2.970533961,2.831199658,1.25400873
0.8_-30_-35,-30,-35,CHEES_-35_6000.csv,-35,6000,2.970533961,2.831199658,1.25400873
0.8_-5_-35,-5,-35,CHEES_-35_6000.csv,-35,6000,2.970533961,2.831199658,1.25400873
0.8_-6_-35,-6,-35,CHEES_-35_6000.csv,-35,6000,2.970533961,2.831199658,1.25400873
0.8_-7_-35,-7,-35,CHEES_-35_6000.csv,-35,6000,2.970533961,2.831199658,1.25400873
0.8_-8_-35,-8,-35,CHEES_-35_6000.csv,-35,6000,2.970533961,2.831199658,1.25400873
0.8_-24_-36,-24,-36,CHEES_-35_6000.csv,-35,6000,2.930180827,2.792943693,1.235134209
0.8_-28_-36,-28,-36,CHEES_-35_6000.csv,-35,6000,2.932533273,2.796552697,1.223825181
0.8_-18_-36,-18,-36,CHEES_-35_6000.csv,-35,6000,2.934416679,2.796771622,1.23880552
0.8_-12_-36,-12,-36,CHEES_-35_6000.csv,-35,6000,2.937280997,2.79942149,1.240735567
0.8_-6_-36,-6,-36,CHEES_-35_6000.csv,-35,6000,2.938016925,2.800035185,1.241835661
0.8_-8_-36,-8,-36,CHEES_-35_6000.csv,-35,6000,2.93887223,2.800947822,1.241319668
0.8_-22_-36,-22,-36,CHEES_-35_6000.csv,-35,6000,2.943255322,2.806709145,1.228915594
0.8_-26_-36,-26,-36,CHEES_-35_6000.csv,-35,6000,2.94405476,2.808262004,1.2221348
0.8_-7_-36,-7,-36,CHEES_-35_6000.csv,-35,6000,2.94417988,2.806660231,1.237676844
0.8_-14_-36,-14,-36,CHEES_-35_6000.csv,-35,6000,2.94611989,2.809061449,1.233525968
0.8_-20_-36,-20,-36,CHEES_-35_6000.csv,-35,6000,2.96249092,2.827047976,1.218986499
0.8_-16_-36,-16,-36,CHEES_-35_6000.csv,-35,6000,2.965542108,2.829897107,1.220805005
0.8_-5_-36,-5,-36,CHEES_-35_6000.csv,-35,6000,2.971169051,2.835457907,1.221400298
0.8_-30_-36,-30,-36,CHEES_-35_5900.csv,-35,5900,2.974885891,2.843078322,1.186268125
0.8_-10_-36,-10,-36,CHEES_-35_5900.csv,-35,5900,2.995923359,2.862331051,1.202330769
0.8_-30_-37,-30,-37,CHEES_-35_6000.csv,-35,6000,2.88241425,2.749192494,1.1989958
0.8_-28_-37,-28,-37,CHEES_-35_6000.csv,-35,6000,2.90253594,2.769277906,1.199322309
0.8_-22_-37,-22,-37,CHEES_-35_6000.csv,-35,6000,2.903709325,2.768441852,1.217407263
0.8_-7_-37,-7,-37,CHEES_-35_6000.csv,-35,6000,2.908127218,2.771309615,1.231358422
0.8_-5_-37,-5,-37,CHEES_-35_6000.csv,-35,6000,2.910946319,2.774362305,1.229256122
0.8_-26_-37,-26,-37,CHEES_-35_6000.csv,-35,6000,2.912150764,2.778616794,1.201805725
0.8_-6_-37,-6,-37,CHEES_-35_6000.csv,-35,6000,2.917669767,2.781628143,1.224374609
0.8_-12_-37,-12,-37,CHEES_-35_6000.csv,-35,6000,2.925652794,2.790568259,1.215760807
0.8_-10_-37,-10,-37,CHEES_-35_6000.csv,-35,6000,2.933096569,2.798364988,1.21258423
0.8_-18_-37,-18,-37,CHEES_-35_6000.csv,-35,6000,2.933123222,2.799131915,1.205921758
0.8_-14_-37,-14,-37,CHEES_-35_6000.csv,-35,6000,2.935181887,2.800860088,1.208896193
0.8_-20_-37,-20,-37,CHEES_-35_6000.csv,-35,6000,2.939101514,2.8057075,1.200546124
0.8_-16_-37,-16,-37,CHEES_-35_6000.csv,-35,6000,2.942001962,2.808274414,1.203547928
0.8_-8_-37,-8,-37,CHEES_-35_6000.csv,-35,6000,2.957399756,2.823943902,1.201102687
0.8_-24_-37,-24,-37,CHEES_-35_6000.csv,-35,6000,2.976148785,2.845550037,1.175388737
0.8_-30_-38,-30,-38,CHEES_-35_6000.csv,-35,6000,2.856913882,2.725956056,1.178620436
0.8_-20_-38,-20,-38,CHEES_-35_6000.csv,-35,6000,2.866159501,2.731296007,1.213771444
0.8_-18_-38,-18,-38,CHEES_-35_6000.csv,-35,6000,2.868619847,2.733566774,1.215477659
0.8_-22_-38,-22,-38,CHEES_-35_6000.csv,-35,6000,2.871683609,2.737822743,1.204747792
0.8_-14_-38,-14,-38,CHEES_-35_6000.csv,-35,6000,2.872307807,2.736869731,1.218942678
0.8_-12_-38,-12,-38,CHEES_-35_6000.csv,-35,6000,2.874370506,2.738805719,1.22008308
0.8_-5_-38,-5,-38,CHEES_-35_6000.csv,-35,6000,2.87696354,2.741061533,1.223118068
0.8_-7_-38,-7,-38,CHEES_-35_6000.csv,-35,6000,2.877449044,2.741556287,1.223034821
0.8_-26_-38,-26,-38,CHEES_-35_6000.csv,-35,6000,2.879137515,2.747095925,1.188374307
0.8_-24_-38,-24,-38,CHEES_-35_6000.csv,-35,6000,2.88217789,2.749540173,1.193739453
0.8_-28_-38,-28,-38,CHEES_-35_6000.csv,-35,6000,2.882457399,2.751636442,1.177388612
0.8_-6_-38,-6,-38,CHEES_-35_6000.csv,-35,6000,2.903278003,2.769172623,1.206948412
0.8_-10_-38,-10,-38,CHEES_-35_6000.csv,-35,6000,2.907228248,2.773667438,1.202047287
0.8_-16_-38,-16,-38,CHEES_-35_5900.csv,-35,5900,2.925447083,2.794040161,1.182662295
0.8_-8_-38,-8,-38,CHEES_-35_5900.csv,-35,5900,2.943603633,2.812493805,1.179988453
0.8_-28_-40,-28,-40,CHEES_-35_6000.csv,-35,6000,2.800595047,2.670406642,1.171695646
0.8_-26_-40,-26,-40,CHEES_-35_6000.csv,-35,6000,2.80841974,2.677611023,1.177278457
0.8_-22_-40,-22,-40,CHEES_-35_6000.csv,-35,6000,2.810009141,2.677835111,1.189566269
0.8_-12_-40,-12,-40,CHEES_-35_6000.csv,-35,6000,2.816554282,2.682553666,1.20600554
0.8_-6_-40,-6,-40,CHEES_-35_6000.csv,-35,6000,2.82202037,2.687591169,1.209862807
0.8_-20_-40,-20,-40,CHEES_-35_6000.csv,-35,6000,2.825504333,2.693701791,1.18622288
0.8_-18_-40,-18,-40,CHEES_-35_6000.csv,-35,6000,2.829683875,2.69764126,1.188383528
0.8_-16_-40,-16,-40,CHEES_-35_6000.csv,-35,6000,2.83038549,2.698014038,1.191343072
0.8_-10_-40,-10,-40,CHEES_-35_6000.csv,-35,6000,2.834872717,2.701790481,1.19774012
0.8_-7_-40,-7,-40,CHEES_-35_6000.csv,-35,6000,2.840529492,2.707481349,1.197433287
0.8_-30_-40,-30,-40,CHEES_-35_6000.csv,-35,6000,2.844883861,2.718090754,1.141137963
0.8_-24_-40,-24,-40,CHEES_-35_5900.csv,-35,5900,2.84757211,2.718677577,1.160050796
0.8_-8_-40,-8,-40,CHEES_-35_6000.csv,-35,6000,2.849539598,2.717119608,1.191779913
0.8_-5_-40,-5,-40,CHEES_-35_6000.csv,-35,6000,2.849910738,2.717242095,1.19401779
0.8_-14_-40,-14,-40,CHEES_-35_5900.csv,-35,5900,2.881373563,2.751936121,1.164936982
0.8_-30_-42,-30,-42,CHEES_-35_6000.csv,-35,6000,2.732037674,2.602481954,1.166001479
0.8_-26_-42,-26,-42,CHEES_-35_6000.csv,-35,6000,2.744479192,2.613843193,1.175723986
0.8_-22_-42,-22,-42,CHEES_-35_6000.csv,-35,6000,2.752431734,2.620874841,1.184012036
0.8_-20_-42,-20,-42,CHEES_-35_6000.csv,-35,6000,2.755843055,2.623866571,1.187788354
0.8_-24_-42,-24,-42,CHEES_-35_6000.csv,-35,6000,2.763218165,2.633127165,1.170818998
0.8_-14_-42,-14,-42,CHEES_-35_6000.csv,-35,6000,2.765300621,2.632513533,1.19508379
0.8_-28_-42,-28,-42,CHEES_-35_6000.csv,-35,6000,2.766321813,2.637869376,1.156071932
0.8_-12_-42,-12,-42,CHEES_-35_6000.csv,-35,6000,2.766790342,2.633733019,1.197515903
0.8_-7_-42,-7,-42,CHEES_-35_6000.csv,-35,6000,2.771174639,2.63767558,1.201491539
0.8_-6_-42,-6,-42,CHEES_-35_6000.csv,-35,6000,2.773426015,2.639901778,1.201718131
0.8_-10_-42,-10,-42,CHEES_-35_6000.csv,-35,6000,2.77817914,2.645627734,1.192962654
0.8_-18_-42,-18,-42,CHEES_-35_6000.csv,-35,6000,2.780822715,2.649945153,1.177898063
0.8_-5_-42,-5,-42,CHEES_-35_6000.csv,-35,6000,2.780921466,2.647822997,1.197886218
0.8_-16_-42,-16,-42,CHEES_-35_6000.csv,-35,6000,2.7828291,2.651619485,1.180886534
0.8_-8_-42,-8,-42,CHEES_-35_6000.csv,-35,6000,2.7864315,2.654125265,1.190756114
0.8_-26_-44,-26,-44,CHEES_-35_6000.csv,-35,6000,2.700497504,2.570322068,1.171578926
0.8_-24_-44,-24,-44,CHEES_-35_6000.csv,-35,6000,2.703033869,2.572363729,1.176031252
0.8_-30_-44,-30,-44,CHEES_-35_6000.csv,-35,6000,2.70562216,2.576790158,1.159488014
0.8_-22_-44,-22,-44,CHEES_-35_6000.csv,-35,6000,2.706217503,2.575149252,1.179614262
0.8_-28_-44,-28,-44,CHEES_-35_6000.csv,-35,6000,2.710894185,2.58197371,1.160284268
0.8_-18_-44,-18,-44,CHEES_-35_6000.csv,-35,6000,2.71465775,2.582923093,1.185611917
0.8_-16_-44,-16,-44,CHEES_-35_6000.csv,-35,6000,2.721974766,2.590322043,1.184874509
0.8_-12_-44,-12,-44,CHEES_-35_6000.csv,-35,6000,2.722042705,2.589476049,1.193099902
0.8_-10_-44,-10,-44,CHEES_-35_6000.csv,-35,6000,2.722749605,2.589968678,1.195028343
0.8_-20_-44,-20,-44,CHEES_-35_6000.csv,-35,6000,2.724090699,2.593541797,1.174940117
0.8_-6_-44,-6,-44,CHEES_-35_6000.csv,-35,6000,2.727976802,2.594856768,1.198080303
0.8_-7_-44,-7,-44,CHEES_-35_6000.csv,-35,6000,2.741612453,2.609548489,1.188575683
0.8_-5_-44,-5,-44,CHEES_-35_6000.csv,-35,6000,2.742868774,2.61063035,1.190145818
0.8_-14_-44,-14,-44,CHEES_-35_5900.csv,-35,5900,2.761257537,2.63171432,1.165888957
0.8_-8_-44,-8,-44,CHEES_-35_5900.csv,-35,5900,2.768813042,2.638680065,1.171196799
0.8_-26_-46,-26,-46,CHEES_-35_6000.csv,-35,6000,2.660227614,2.529807507,1.173780961
0.8_-30_-46,-30,-46,CHEES_-35_6000.csv,-35,6000,2.664700338,2.534937894,1.167861993
0.8_-24_-46,-24,-46,CHEES_-35_6000.csv,-35,6000,2.672438255,2.542263723,1.171570792
0.8_-28_-46,-28,-46,CHEES_-35_6000.csv,-35,6000,2.673034982,2.54374194,1.163637375
0.8_-20_-46,-20,-46,CHEES_-35_6000.csv,-35,6000,2.677011592,2.546016522,1.17895563
0.8_-16_-46,-16,-46,CHEES_-35_6000.csv,-35,6000,2.684116873,2.552632146,1.183362543
0.8_-7_-46,-7,-46,CHEES_-35_6000.csv,-35,6000,2.685588781,2.552542483,1.19741668
0.8_-5_-46,-5,-46,CHEES_-35_6000.csv,-35,6000,2.688257278,2.555047631,1.198886819
0.8_-18_-46,-18,-46,CHEES_-35_6000.csv,-35,6000,2.696192951,2.565782135,1.173697343
0.8_-22_-46,-22,-46,CHEES_-35_6000.csv,-35,6000,2.69746411,2.568020632,1.164991303
0.8_-8_-46,-8,-46,CHEES_-35_6000.csv,-35,6000,2.697730166,2.565611237,1.189070361
0.8_-12_-46,-12,-46,CHEES_-35_6000.csv,-35,6000,2.699487908,2.568108969,1.182410446
0.8_-14_-46,-14,-46,CHEES_-35_5900.csv,-35,5900,2.719609515,2.589945926,1.166972301
0.8_-6_-46,-6,-46,CHEES_-35_5900.csv,-35,5900,2.733950047,2.603758543,1.171723534
0.8_-10_-46,-10,-46,CHEES_-35_5900.csv,-35,5900,2.735006811,2.605375304,1.166683561
0.8_-20_-48,-20,-48,CHEES_-35_6000.csv,-35,6000,2.632379276,2.500453105,1.187335535
0.8_-30_-48,-30,-48,CHEES_-35_6000.csv,-35,6000,2.634378814,2.503733359,1.175809089
0.8_-26_-48,-26,-48,CHEES_-35_6000.csv,-35,6000,2.636301975,2.505883819,1.173763405
0.8_-16_-48,-16,-48,CHEES_-35_6000.csv,-35,6000,2.637372895,2.504918462,1.1920899
0.8_-22_-48,-22,-48,CHEES_-35_6000.csv,-35,6000,2.640555432,2.50958481,1.178735594
0.8_-28_-48,-28,-48,CHEES_-35_6000.csv,-35,6000,2.642130652,2.51216947,1.169650641
0.8_-8_-48,-8,-48,CHEES_-35_6000.csv,-35,6000,2.646817858,2.513456496,1.200252259
0.8_-18_-48,-18,-48,CHEES_-35_6000.csv,-35,6000,2.648645807,2.517219099,1.182840369
0.8_-6_-48,-6,-48,CHEES_-35_6000.csv,-35,6000,2.648685577,2.51515736,1.201753957
0.8_-24_-48,-24,-48,CHEES_-35_6000.csv,-35,6000,2.648714393,2.518542248,1.171549307
0.8_-14_-48,-14,-48,CHEES_-35_6000.csv,-35,6000,2.650634015,2.518602347,1.18828501
0.8_-5_-48,-5,-48,CHEES_-35_6000.csv,-35,6000,2.654369314,2.521019124,1.200151708
0.8_-7_-48,-7,-48,CHEES_-35_6000.csv,-35,6000,2.663582287,2.531071909,1.192593403
0.8_-10_-48,-10,-48,CHEES_-35_5900.csv,-35,5900,2.678833429,2.54785718,1.178786241
0.8_-12_-48,-12,-48,CHEES_-35_6000.csv,-35,6000,2.689548469,2.558877976,1.176034435
0.8_-28_-50,-28,-50,CHEES_-35_6000.csv,-35,6000,2.596622537,2.46476788,1.186691915
0.8_-20_-50,-20,-50,CHEES_-35_6000.csv,-35,6000,2.599389663,2.466749099,1.193765075
0.8_-30_-50,-30,-50,CHEES_-35_6000.csv,-35,6000,2.601491391,2.469263349,1.190052376
0.8_-26_-50,-26,-50,CHEES_-35_6000.csv,-35,6000,2.602421932,2.470854599,1.184105999
0.8_-22_-50,-22,-50,CHEES_-35_6000.csv,-35,6000,2.606332963,2.474420088,1.187215877
0.8_-12_-50,-12,-50,CHEES_-35_6000.csv,-35,6000,2.608747806,2.475105492,1.20278083
0.8_-16_-50,-16,-50,CHEES_-35_6000.csv,-35,6000,2.608961429,2.476065126,1.196066728
0.8_-18_-50,-18,-50,CHEES_-35_6000.csv,-35,6000,2.612262492,2.479903349,1.191232291
0.8_-8_-50,-8,-50,CHEES_-35_6000.csv,-35,6000,2.614044321,2.480039899,1.206039794
0.8_-7_-50,-7,-50,CHEES_-35_6000.csv,-35,6000,2.619508318,2.485703525,1.204243137
0.8_-14_-50,-14,-50,CHEES_-35_6000.csv,-35,6000,2.623033236,2.490567332,1.192193138
0.8_-10_-50,-10,-50,CHEES_-35_6000.csv,-35,6000,2.624803508,2.491737518,1.197593909
0.8_-5_-50,-5,-50,CHEES_-35_6000.csv,-35,6000,2.627019777,2.493355672,1.202976951
0.8_-6_-50,-6,-50,CHEES_-35_6000.csv,-35,6000,2.638626568,2.505647134,1.196814908
0.8_-24_-50,-24,-50,CHEES_-35_6000.csv,-35,6000,2.647038858,2.516985037,1.170484388
0.8_-24_-52,-24,-52,CHEES_-35_6000.csv,-35,6000,2.569358374,2.436081182,1.199494725
0.8_-28_-52,-28,-52,CHEES_-35_6000.csv,-35,6000,2.57087181,2.437624328,1.199227338
0.8_-20_-52,-20,-52,CHEES_-35_6000.csv,-35,6000,2.571409897,2.43773447,1.203078846
0.8_-10_-52,-10,-52,CHEES_-35_6000.csv,-35,6000,2.581132952,2.446304539,1.213455721
0.8_-30_-52,-30,-52,CHEES_-35_6000.csv,-35,6000,2.581165585,2.447632934,1.201793865
0.8_-22_-52,-22,-52,CHEES_-35_6000.csv,-35,6000,2.583139828,2.450350333,1.195105454
0.8_-7_-52,-7,-52,CHEES_-35_6000.csv,-35,6000,2.583906833,2.448796872,1.215989651
0.8_-6_-52,-6,-52,CHEES_-35_6000.csv,-35,6000,2.585324564,2.450176586,1.216331793
0.8_-16_-52,-16,-52,CHEES_-35_6000.csv,-35,6000,2.587297959,2.453790117,1.201570578
0.8_-12_-52,-12,-52,CHEES_-35_6000.csv,-35,6000,2.588619963,2.454547966,1.206647972
0.8_-5_-52,-5,-52,CHEES_-35_6000.csv,-35,6000,2.592092752,2.457201195,1.214024009
0.8_-26_-52,-26,-52,CHEES_-35_6000.csv,-35,6000,2.593407431,2.461300938,1.188958438
0.8_-18_-52,-18,-52,CHEES_-35_5900.csv,-35,5900,2.602470348,2.470190308,1.190520356
0.8_-8_-52,-8,-52,CHEES_-35_6000.csv,-35,6000,2.604135118,2.470191876,1.205489183
0.8_-14_-52,-14,-52,CHEES_-35_5900.csv,-35,5900,2.60654566,2.473876362,1.194023682
0.8_-22_-54,-22,-54,CHEES_-35_6000.csv,-35,6000,2.544074945,2.409248668,1.213436493
0.8_-26_-54,-26,-54,CHEES_-35_6000.csv,-35,6000,2.545493851,2.4108482,1.211810863
0.8_-20_-54,-20,-54,CHEES_-35_6000.csv,-35,6000,2.546792568,2.411867851,1.214322451
0.8_-18_-54,-18,-54,CHEES_-35_6000.csv,-35,6000,2.547872018,2.412742842,1.216162582
0.8_-16_-54,-16,-54,CHEES_-35_6000.csv,-35,6000,2.549270131,2.413940908,1.217963007
0.8_-14_-54,-14,-54,CHEES_-35_6000.csv,-35,6000,2.551540152,2.415988787,1.21996229
0.8_-30_-54,-30,-54,CHEES_-35_6000.csv,-35,6000,2.5569739,2.421604674,1.218323032
0.8_-12_-54,-12,-54,CHEES_-35_6000.csv,-35,6000,2.556989357,2.421473323,1.21964431
0.8_-7_-54,-7,-54,CHEES_-35_6000.csv,-35,6000,2.557807163,2.421533206,1.226465611
0.8_-24_-54,-24,-54,CHEES_-35_6000.csv,-35,6000,2.561014082,2.427085205,1.205359888
0.8_-8_-54,-8,-54,CHEES_-35_6000.csv,-35,6000,2.565282743,2.429638162,1.220801232
0.8_-6_-54,-6,-54,CHEES_-35_6000.csv,-35,6000,2.567029818,2.431196263,1.22250199
0.8_-5_-54,-5,-54,CHEES_-35_6000.csv,-35,6000,2.568561449,2.432707781,1.222683013
0.8_-10_-54,-10,-54,CHEES_-35_6000.csv,-35,6000,2.576760125,2.441859906,1.214101968
0.8_-28_-54,-28,-54,CHEES_-35_5900.csv,-35,5900,2.586382082,2.453020947,1.200250213
0.8_-24_-56,-24,-56,CHEES_-35_6000.csv,-35,6000,2.528349113,2.392374934,1.223767608
0.8_-22_-56,-22,-56,CHEES_-35_6000.csv,-35,6000,2.528520507,2.392545649,1.223773723
0.8_-12_-56,-12,-56,CHEES_-35_6000.csv,-35,6000,2.529759273,2.392648649,1.233995615
0.8_-20_-56,-20,-56,CHEES_-35_6000.csv,-35,6000,2.53050562,2.394457799,1.224430391
0.8_-10_-56,-10,-56,CHEES_-35_6000.csv,-35,6000,2.530958995,2.393614184,1.236103301
0.8_-26_-56,-26,-56,CHEES_-35_6000.csv,-35,6000,2.531055509,2.395081273,1.223768128
0.8_-8_-56,-8,-56,CHEES_-35_6000.csv,-35,6000,2.533423487,2.395997028,1.236838138
0.8_-18_-56,-18,-56,CHEES_-35_6000.csv,-35,6000,2.533654805,2.397524837,1.225169712
0.8_-28_-56,-28,-56,CHEES_-35_6000.csv,-35,6000,2.533963907,2.397670341,1.226642091
0.8_-14_-56,-14,-56,CHEES_-35_6000.csv,-35,6000,2.53411113,2.397548716,1.229061726
0.8_-6_-56,-6,-56,CHEES_-35_6000.csv,-35,6000,2.535612245,2.397983506,1.238658656
0.8_-7_-56,-7,-56,CHEES_-35_6000.csv,-35,6000,2.541199028,2.404077115,1.234097223
0.8_-5_-56,-5,-56,CHEES_-35_6000.csv,-35,6000,2.545367791,2.408167175,1.234805543
0.8_-30_-56,-30,-56,CHEES_-35_6000.csv,-35,6000,2.555113801,2.418482705,1.229679865
0.8_-16_-56,-16,-56,CHEES_-35_5900.csv,-35,5900,2.562372626,2.427283335,1.215803615
0.8_-20_-58,-20,-58,CHEES_-35_6000.csv,-35,6000,2.504601351,2.366693244,1.241172956
0.8_-22_-58,-22,-58,CHEES_-35_6000.csv,-35,6000,2.505091192,2.367289707,1.240213368
0.8_-26_-58,-26,-58,CHEES_-35_6000.csv,-35,6000,2.507918481,2.369977827,1.241465884
0.8_-24_-58,-24,-58,CHEES_-35_6000.csv,-35,6000,2.508295253,2.370606856,1.239195573
0.8_-16_-58,-16,-58,CHEES_-35_6000.csv,-35,6000,2.510276235,2.372272738,1.242031471
0.8_-10_-58,-10,-58,CHEES_-35_6000.csv,-35,6000,2.510475136,2.371760022,1.248436023
0.8_-18_-58,-18,-58,CHEES_-35_6000.csv,-35,6000,2.512038207,2.374298187,1.239660172
0.8_-14_-58,-14,-58,CHEES_-35_6000.csv,-35,6000,2.513969035,2.375917201,1.242466506
0.8_-12_-58,-12,-58,CHEES_-35_6000.csv,-35,6000,2.514234038,2.375945847,1.244593725
0.8_-6_-58,-6,-58,CHEES_-35_6000.csv,-35,6000,2.51441021,2.375368562,1.251374833
0.8_-5_-58,-5,-58,CHEES_-35_6000.csv,-35,6000,2.514916752,2.375803866,1.252015971
0.8_-28_-58,-28,-58,CHEES_-35_6000.csv,-35,6000,2.516622797,2.378440683,1.243639029
0.8_-7_-58,-7,-58,CHEES_-35_6000.csv,-35,6000,2.518852591,2.380202791,1.247848202
0.8_-30_-58,-30,-58,CHEES_-35_6000.csv,-35,6000,2.522351381,2.383261005,1.251813384
0.8_-8_-58,-8,-58,CHEES_-35_5900.csv,-35,5900,2.534013873,2.396359229,1.2388918
0.8_-22_-60,-22,-60,CHEES_-35_6000.csv,-35,6000,2.488495765,2.3489392,1.256009079
0.8_-16_-60,-16,-60,CHEES_-35_6000.csv,-35,6000,2.489775412,2.349946059,1.258464178
0.8_-14_-60,-14,-60,CHEES_-35_6000.csv,-35,6000,2.49026516,2.350339341,1.259332373
0.8_-20_-60,-20,-60,CHEES_-35_6000.csv,-35,6000,2.492315143,2.352950317,1.254283439
0.8_-10_-60,-10,-60,CHEES_-35_6000.csv,-35,6000,2.493838475,2.353575514,1.262366654
0.8_-6_-60,-6,-60,CHEES_-35_6000.csv,-35,6000,2.495496926,2.354870101,1.26564143
0.8_-8_-60,-8,-60,CHEES_-35_6000.csv,-35,6000,2.495979239,2.355647129,1.262988997
0.8_-26_-60,-26,-60,CHEES_-35_6000.csv,-35,6000,2.495993306,2.35639749,1.256362344
0.8_-12_-60,-12,-60,CHEES_-35_6000.csv,-35,6000,2.496097098,2.356241684,1.258698728
0.8_-28_-60,-28,-60,CHEES_-35_6000.csv,-35,6000,2.500990491,2.360895392,1.260855888
0.8_-18_-60,-18,-60,CHEES_-35_6000.csv,-35,6000,2.503563595,2.364489686,1.251665188
0.8_-30_-60,-30,-60,CHEES_-35_6000.csv,-35,6000,2.509144912,2.368135713,1.269082791
0.8_-7_-60,-7,-60,CHEES_-35_5900.csv,-35,5900,2.514391417,2.375007988,1.254450858
0.8_-5_-60,-5,-60,CHEES_-35_5900.csv,-35,5900,2.520802852,2.381455687,1.254124482
0.8_-24_-60,-24,-60,CHEES_-35_5900.csv,-35,5900,2.52243294,2.383939724,1.246438952
